Time,Counts,Total Counts
1710978107.5213187,1,1
1710978117.531621,1,2
1710978127.541886,0,2
1710978137.5521984,0,2
1710978147.5624757,1,3
1710978157.5727654,1,4
1710978167.5830495,2,6
1710978177.5933096,0,6
1710978187.6035862,2,8
1710978197.6138632,2,10
1710978207.624123,0,10
1710978217.634382,2,12
