Time,Counts,Total Counts
1710977972.1679332,2,2
1710977982.1782446,1,3
1710977992.188526,1,4
1710978002.198798,0,4
1710978012.2090712,2,6
1710978022.2181387,2,8
1710978032.2283883,3,11
1710978042.2386885,0,11
1710978052.248989,0,11
1710978062.259264,0,11
1710978072.2695398,2,13
1710978082.2797313,6,19
