Time,Counts,Total Counts
1710975162.1896026,1,1
1710975172.1982327,1,2
1710975182.2085087,0,2
1710975192.218786,3,5
1710975202.2290893,0,5
1710975212.239264,4,9
1710975222.2495015,1,10
1710975232.2597713,1,11
1710975242.2624502,1,12
1710975252.272744,0,12
1710975262.2830265,0,12
1710975272.293205,1,13
