Time,Counts,Total Counts
1710974232.137447,2,2
1710974242.1477814,1,3
1710974252.1580086,3,6
1710974262.1661935,1,7
1710974272.176469,1,8
1710974282.1867504,4,12
1710974292.1969583,3,15
1710974302.2071729,1,16
1710974312.2174463,2,18
1710974322.2276824,2,20
1710974332.234257,0,20
1710974342.2445574,2,22
