Time,Counts,Total Counts
1710976697.9523919,2,2
1710976707.9627,3,5
1710976717.9729118,2,7
1710976727.9831867,3,10
1710976737.9934735,5,15
1710976748.003659,2,17
1710976758.013919,1,18
1710976768.0241911,2,20
1710976778.034432,1,21
1710976788.0447078,1,22
1710976798.0550199,1,23
1710976808.0652096,3,26
