Time,Counts,Total Counts
1710974713.3404055,0,0
1710974723.3507383,0,0
1710974733.360969,2,2
1710974743.3713255,1,3
1710974753.3816297,0,3
1710974763.39187,0,3
1710974773.399543,1,4
1710974783.4098244,1,5
1710974793.4201028,2,7
1710974803.4303222,1,8
1710974813.4405313,0,8
1710974823.450811,1,9
