Time,Counts,Total Counts
1710975532.6485484,0,0
1710975542.6588702,0,0
1710975552.669156,2,2
1710975562.679476,2,4
1710975572.6896617,0,4
1710975582.6999047,0,4
1710975592.7102118,0,4
1710975602.7182548,0,4
1710975612.7285273,1,5
1710975622.738802,0,5
1710975632.748982,0,5
1710975642.759251,2,7
