Time,Counts,Total Counts
1710974394.0069401,5,5
1710974404.0172024,1,6
1710974414.0273712,2,8
1710974424.0376225,2,10
1710974434.0446951,1,11
1710974444.0549612,3,14
1710974454.0622497,3,17
1710974464.0725276,3,20
1710974474.0827768,3,23
1710974484.092948,3,26
1710974494.1032095,5,31
1710974504.1134968,1,32
