Time,Counts,Total Counts
1710975938.2420104,0,0
1710975948.2524114,0,0
1710975958.2627075,2,2
1710975968.2729905,0,2
1710975978.2822533,1,3
1710975988.2925417,0,3
1710975998.302875,0,3
1710976008.3131528,1,4
1710976018.3234591,2,6
1710976028.3337514,1,7
1710976038.3440313,0,7
1710976048.3543131,0,7
