Time,Counts,Total Counts
1710977713.7464705,1,1
1710977723.7567081,2,3
1710977733.7669568,0,3
1710977743.7772844,3,6
1710977753.7822611,0,6
1710977763.7925599,0,6
1710977773.8028173,1,7
1710977783.8130536,2,9
1710977793.8232841,1,10
1710977803.8335614,0,10
1710977813.842237,2,12
1710977823.8525186,1,13
