Time,Counts,Total Counts
1710978273.3956163,0,0
1710978283.4059722,0,0
1710978293.416289,0,0
1710978303.4265692,0,0
1710978313.4368432,0,0
1710978323.4470317,0,0
1710978333.45729,1,1
1710978343.4675791,2,3
1710978353.4778645,1,4
1710978363.4881449,3,7
1710978373.498262,2,9
1710978383.5084372,0,9
